기관명,종류,도로명주소,위도,경도,대표전화번호,데이터기준일
더 오케이 병원,병원,강원특별자치도 춘천시 김유정로 1874 (퇴계동),37.85358881,127.7362814,033-263-5335,2025-02-10
365다담은병원,병원,"강원특별자치도 춘천시 춘천로 188-0, 10층 (효자동)",37.87622627,127.7353381,033-910-0993,2025-02-10
춘천태동요양병원,병원,강원특별자치도 춘천시 남면 박암관천길 821-0,37.87997399,127.7268841,033-263-8100,2025-02-10
영인요양병원,병원,강원특별자치도 춘천시 중앙로 60-0 (중앙로2가),37.86599016,127.7353544,033-256-5688,2025-02-10
토마스요양병원,병원,강원특별자치도 춘천시 영서로 1925-9 (석사동),37.72446835,127.5172148,033-253-5000,2025-02-10
베드로병원,병원,강원특별자치도 춘천시 공지로 270 (효자동),37.84668343,127.7548271,033-255-0085,2025-02-10
춘천요양병원,병원,강원특별자치도 춘천시 동면 춘천로 527-34,37.89778637,127.7637737,033-260-7200,2025-02-10
춘천시노인전문병원,병원,강원특별자치도 춘천시 동면 세실로 252,37.86602739,127.5838094,033-240-7500,2025-02-10
암스트롱요양병원,병원,강원특별자치도 춘천시 서면 율장길 328,37.88114667,127.7268688,033-263-8275,2025-02-10
강원특별자치도재활병원,병원,강원특별자치도 춘천시 충열로142번길 24-16 (우두동),37.88018483,127.7562394,033-248-7700,2025-02-10
의료법인춘천서인병원,병원,강원특별자치도 춘천시 동산면 새술막길 315-77,37.90372694,127.7412177,033-261-0999,2025-02-10
한림대학교춘천성심병원,병원,강원특별자치도 춘천시 삭주로 77 (교동),37.88447415,127.7398045,033-240-5000,2025-02-10
강원대학교병원,병원,강원특별자치도 춘천시 백령로 156 (효자동),37.7709308,127.7289192,033-258-2000,2025-02-10
인성병원,병원,강원특별자치도 춘천시 금강로 39 (낙원동),37.87508794,127.744926,033-253-3030,2025-02-10
춘천새윤요양병원,병원,강원특별자치도 춘천시 퇴계공단길 40 (퇴계동),37.93826462,127.7297877,033-264-3100,2025-02-10
춘천예현병원,병원,강원특별자치도 춘천시 서면 샛말길 122-11,37.85647246,127.7076036,033-264-9885,2025-02-10
국군춘천병원,병원,강원특별자치도 춘천시 방고개길 57 (신동),37.85128669,127.6173419,033-244-0130,2025-02-10
봄내병원,병원,강원특별자치도 춘천시 춘천로 180 (효자동),37.84455097,127.7358359,033-255-8515,2025-02-10
춘천호반요양병원,병원,강원특별자치도 춘천시 옛경춘로 663 (삼천동),37.83689804,127.7598286,033-251-9911,2025-02-10
국립춘천병원,병원,강원특별자치도 춘천시 동산면 영서로 824,37.88008384,127.7276265,033-260-3000,2025-02-10
퓨어린의원 춘천점,의원,"강원특별자치도 춘천시 춘천로 7, 스카이에비뉴 빌딩 2층 202,203호 (온의동)",37.89317282,127.7556305,0507-1415-4026,2025-02-10
노정호백세정형외과의원,의원,"강원특별자치도 춘천시 스포츠타운길 494, 2,3층 (온의동)",37.87757509,127.7520015,033-253-0100,2025-02-10
김해성힐링유외과의원,의원,"강원특별자치도 춘천시 금강로 67-1, 3층 (조양동)",37.8809687,127.7270702,033-242-6066,2025-02-10
이정환내과의원,의원,"강원특별자치도 춘천시 동내면 영서로 1794, 2층",37.83689804,127.7598286,033-263-8899,2025-02-10
블리비의원,의원,"강원특별자치도 춘천시 방송길 106, 101호~103호, 201호~202호호 (온의동)",37.87944496,127.7263087,1833-2346,2025-02-10
강남내과의원,의원,"강원특별자치도 춘천시 춘천로 68, 3,4층 (효자동)",37.88422286,127.7476157,033-242-8885,2025-02-10
더봄365정형외과의원,의원,"강원특별자치도 춘천시 후석로 294, 2층, 3층 (후평동)",37.86683342,127.7117387,033-253-7575,2025-02-10
정담의원,의원,"강원특별자치도 춘천시 스포츠타운길 496, 202호 (온의동)",37.87935126,127.7292395,033-910-1005,2025-02-10
춘천탑정형외과의원,의원,"강원특별자치도 춘천시 후석로 6, 5층 (석사동)",37.90892058,127.7335637,033-241-8275,2025-02-10
연세미라클의원,의원,"강원특별자치도 춘천시 방송길 77, 2층 2122~2127, 2256~2257호 (온의동, 춘천 센트럴타워 푸르지오)",37.85555459,127.739172,033-256-2023,2025-02-10
성모스마일내과의원,의원,"강원특별자치도 춘천시 후석로 294, 3층 (후평동)",37.86602661,127.7209037,033-255-0119,2025-02-10
그랜드연합의원,의원,"강원특별자치도 춘천시 중앙로 68, 5~6층 (중앙로2가)",37.86740462,127.721061,033-255-6470,2025-02-10
두드림내과의원,의원,"강원특별자치도 춘천시 우두1길 87, 2층 (우두동)",37.86439364,127.7206899,033-257-2575,2025-02-10
쁘띠365의원,의원,"강원특별자치도 춘천시 중앙로 59, 지하1, 1, 2층 (중앙로2가)",37.87970091,127.7272179,033-818-0650,2025-02-10
우리메디의원,의원,"강원특별자치도 춘천시 우두1길 17, 우리 프라자 3층 303,304호 (우두동)",37.86753246,127.7208393,033-252-7553,2025-02-10
늘찬소아청소년과의원,의원,"강원특별자치도 춘천시 우두1길 101, 306호 (우두동)",37.87935126,127.7292395,033-244-0306,2025-02-10
슬기로운정형외과의원,의원,"강원특별자치도 춘천시 경춘로 2364, 강남병원 2층 (온의동)",37.90669944,127.7287733,033-257-6700,2025-02-10
누가의원,의원,"강원특별자치도 춘천시 중앙로 138, 2층 (소양로4가)",37.85114959,127.7448623,033-261-7400,2025-02-10
늘편한내과의원,의원,"강원특별자치도 춘천시 김유정로 1874, 2층 (퇴계동)",37.8760574,127.7198683,033-261-1147,2025-02-10
서울삼성산부인과의원,의원,"강원특별자치도 춘천시 금강로 67-1, 5층 (조양동)",37.87757509,127.7520015,033-912-8006,2025-02-10
박찬우365의원,의원,"강원특별자치도 춘천시 안마산로 97, 2층 (퇴계동)",37.85358881,127.7362814,033-253-0365,2025-02-10
큰나무이비인후과의원,의원,강원특별자치도 춘천시 방송길 104(온의동),37.87950285,127.750505,033-257-7588,2025-02-10
다온정형외과의원,의원,"강원특별자치도 춘천시 애막골길3번길 33, 1,2,3층 (석사동)",37.87944496,127.7263087,033-262-5533,2025-02-10
팀하트의원,의원,"강원특별자치도 춘천시 경춘로 2354, 2층 (온의동)",37.86368632,127.7201472,033-253-3881,2025-02-10
소재근정형외과의원,의원,"강원특별자치도 춘천시 영서로 2341, 미메디컬타워 2층 (온의동)",37.91136387,127.7385575,033-255-0006,2025-02-10
춘천드림마취통증의학과의원,의원,"강원특별자치도 춘천시 지석로 85, 2,3층 (석사동)",37.90754171,127.7340783,033-261-8275,2025-02-10
봄내랑내과의원,의원,"강원특별자치도 춘천시 후석로 318, 3,4층 (후평동)",37.85504339,127.7503448,033-257-3009,2025-02-10
에스엠이비인후과의원,의원,"강원특별자치도 춘천시 안마산로 111, 2층 (퇴계동)",37.8643851,127.7191001,033-243-5050,2025-02-10
새봄의원,의원,"강원특별자치도 춘천시 동내면 공지로 76, 2층",37.85649915,127.7293268,033-264-5100,2025-02-10
한빛의원,의원,"강원특별자치도 춘천시 사우로 38, 태영빌딩 2층 (사농동)",37.85506391,127.7265138,033-263-6190,2025-02-10
마디온정형외과의원,의원,"강원특별자치도 춘천시 안마산로 107, 2.3.4층 (퇴계동)",37.85411236,127.7510429,033-249-8575,2025-02-10
그랜드우리안과의원,의원,"강원특별자치도 춘천시 중앙로 68, 2층 (중앙로2가)",37.85569789,127.7455406,033-911-3355,2025-02-10
그랜드연합내과의원,의원,"강원특별자치도 춘천시 중앙로 68, 3층 (중앙로2가)",37.86426857,127.7205445,033-257-9222,2025-02-10
비앤비이승준안과의원,의원,"강원특별자치도 춘천시 춘천로17번길 37, 4층 (온의동)",37.86770715,127.7179677,033-252-1080,2025-02-10
지화영소아청소년과의원,의원,"강원특별자치도 춘천시 안마산로 109, 2층 (퇴계동)",37.86755346,127.7525936,033-252-9993,2025-02-10
아름다운성형외과의원,의원,"강원특별자치도 춘천시 터미널길 21, 1층,3층 101호,301호 (온의동)",37.86830986,127.715874,033-241-7771,2025-02-10
맑은정신건강의학과의원,의원,"강원특별자치도 춘천시 경춘로 2362, 2층 201호 (온의동)",37.87658975,127.7346849,033-243-8900,2025-02-10
춘천마음숲정신건강의학과의원,의원,"강원특별자치도 춘천시 방송길 98, 6층 (온의동)",37.87886636,127.7289032,033-256-0426,2025-02-10
까르르 하나 소아청소년과 의원,의원,"강원특별자치도 춘천시 후석로 355, 3층 (후평동)",37.85498705,127.728018,033-251-8882,2025-02-10
함께하는 정신건강의학과 의원,의원,"강원특별자치도 춘천시 동내면 춘천순환로 58, 5층",37.8824849,127.7478134,033-261-1239,2025-02-10
삼성신경외과의원,의원,"강원특별자치도 춘천시 중앙로 136, 5층 (소양로4가)",37.86792307,127.720173,033-251-3227,2025-02-10
소망의원,의원,"강원특별자치도 춘천시 퇴계로 243, 3층 (석사동)",37.86830986,127.715874,033-264-5191,2025-02-10
강남리본정형외과의원,의원,"강원특별자치도 춘천시 후석로 7, 1층 (석사동)",37.87923375,127.7286483,033-263-7500,2025-02-10
오훈정형외과의원,의원,"강원특별자치도 춘천시 영서로 2777, 2, 4층 (우두동)",37.855637,127.7286269,033-255-5055,2025-02-10
YS김안과의원,의원,"강원특별자치도 춘천시 후석로 22, 5층 (석사동, 남부새마을금고석사지점)",37.87944496,127.7263087,033-261-4411,2025-02-10
수앤영산부인과의원,의원,"강원특별자치도 춘천시 금강로 72, 2층 (조양동, 흥안빌딩)",37.86792307,127.720173,033-253-0005,2025-02-10
피부사랑피부과의원,의원,"강원특별자치도 춘천시 금강로 68-2, 3층 (조양동)",37.90115811,127.7284725,033-241-0094,2025-02-10
한림피부과의원,의원,"강원특별자치도 춘천시 후석로 7, 2층 (석사동)",37.86373486,127.7186329,033-263-6263,2025-02-10
이앤신 소아청소년과의원,의원,강원특별자치도 춘천시 동내면 춘천순환로 58,37.87613389,127.7201112,033-263-2255,2025-02-10
서울진마취통증의학과의원,의원,"강원특별자치도 춘천시 춘천로 183, 3,4층 (운교동)",37.85632396,127.7389642,033-244-7786,2025-02-10
정봉기내과의원,의원,강원특별자치도 춘천시 동면 춘천로 457,37.85675111,127.7402781,033-241-1511,2025-02-10
서울아산내과의원,의원,강원특별자치도 춘천시 영서로 2341 (온의동),37.88008384,127.7276265,033-243-0826,2025-02-10
춘천우리마취통증의학과의원,의원,"강원특별자치도 춘천시 영서로 2779, 3층 2호 (우두동, 낙원빌딩)",37.85632396,127.7389642,033-241-6955,2025-02-10
류수정안과의원,의원,"강원특별자치도 춘천시 지석로 85, 2층 203,204호 (석사동)",37.87876084,127.7278853,033-262-6500,2025-02-10
드림아이안과의원,의원,"강원특별자치도 춘천시 방송길 98, 3층 (온의동)",37.85504339,127.7503448,033-241-0025,2025-02-10
햇살따뜻한의원,의원,"강원특별자치도 춘천시 경춘로 2353, 5층 (온의동, 이마트)",37.85114959,127.7448623,033-242-2553,2025-02-10
청담엠의원,의원,"강원특별자치도 춘천시 금강로 68-12, 7층 (조양동, 엠백화점 별관)",37.87613389,127.7201112,033-241-3379,2025-02-10
연세통증의학과의원,의원,강원특별자치도 춘천시 중앙로 91-1 (중앙로2가),37.88007882,127.7502032,033-243-0153,2025-02-10
명석진 내과의원,의원,강원특별자치도 춘천시 후석로186번길 14 (석사동),37.86792307,127.720173,033-263-0938,2025-02-10
김진봉내과의원,의원,"강원특별자치도 춘천시 방송길 98, 4층 (온의동)",37.87755304,127.7245854,033-241-7582,2025-02-10
봄내아이 소아청소년과의원,의원,강원특별자치도 춘천시 지석로 11 (퇴계동),37.89292089,127.7555463,033-264-1191,2025-02-10
셀레스의원,의원,강원특별자치도 춘천시 중앙로 55 (중앙로2가),37.88056958,127.7504162,033-257-9889,2025-02-10
365성모가정의학과의원,의원,"강원특별자치도 춘천시 후석로 352, 2층 (후평동, 국제빌딩)",37.90134678,127.7284316,033-251-3500,2025-02-10
세중힐링의원,의원,강원특별자치도 춘천시 공지로333번길 8 (효자동),37.86730637,127.7537965,033-244-5755,2025-02-10
봄내사랑의원,의원,"강원특별자치도 춘천시 모수물길 70, 2층 (소양로2가)",37.86187646,127.7316644,033-253-9510,2025-02-10
춘천마음벗의원,의원,강원특별자치도 춘천시 후석로 326 (후평동),37.86887787,127.7286885,033-255-0300,2025-02-10
박관영정형외과의원,의원,"강원특별자치도 춘천시 동내면 춘천순환로 62, 2층",37.855202,127.7507097,033-260-4800,2025-02-10
아름다운피부과의원,의원,"강원특별자치도 춘천시 금강로 67-1, 4층 (조양동)",37.88935982,127.7254394,033-242-7975,2025-02-10
주안내과의원,의원,"강원특별자치도 춘천시 지석로 89, 302호 (석사동, 더퍼스트빌딩)",37.87935126,127.7292395,033-263-1500,2025-02-10
춘천밝은안과의원,의원,"강원특별자치도 춘천시 중앙로 136, 4층 (소양로4가)",37.86181443,127.7319812,033-257-1110,2025-02-10
윤덕형내과의원,의원,"강원특별자치도 춘천시 동내면 춘천순환로 58, 2,4층",37.86350653,127.7372487,033-264-9897,2025-02-10
홍내과의원,의원,강원특별자치도 춘천시 보안길 70-2 (후평동),37.8820781,127.7486535,033-244-7722,2025-02-10
한마음 소아청소년과의원,의원,"강원특별자치도 춘천시 후석로 326, 5층 (후평동)",37.85108065,127.7452954,033-241-3667,2025-02-10
제이여성의원,의원,"강원특별자치도 춘천시 춘천순환로 46, 3층 (석사동)",37.8551064,127.7490251,033-264-7097,2025-02-10
춘천정신건강의학과의원,의원,강원특별자치도 춘천시 퇴계로 184 (석사동),37.85360603,127.7375389,033-264-0507,2025-02-10
주니스의원,의원,"강원특별자치도 춘천시 퇴계로105번길 5, 3층 (퇴계동, 지효빌딩)",37.87725382,127.7241035,033-263-7741,2025-02-10
삼성연합의원,의원,강원특별자치도 춘천시 효석로 37 (효자동),37.86318291,127.7357575,033-264-5577,2025-02-10
다나신경외과의원,의원,"강원특별자치도 춘천시 중앙로 59, 4.5층 (중앙로2가)",37.85739064,127.739071,033-253-6700,2025-02-10
다나연세의원,의원,"강원특별자치도 춘천시 중앙로 59, 3층 (중앙로2가)",37.87977181,127.7270229,033-253-6701,2025-02-10
예사랑내과의원,의원,"강원특별자치도 춘천시 퇴계로93번길 4-8, 3층 301호 (퇴계동, 이삭빌딩)",37.85660939,127.7400854,033-264-8875,2025-02-10
연세이상무신경과의원,의원,"강원특별자치도 춘천시 보안길 65, 501호 (후평동, 엠타워빌딩)",37.88007882,127.7502032,033-252-9606,2025-02-10
참조은의원,의원,"강원특별자치도 춘천시 남춘천새길 42, 101호 (석사동, 세경5차아파트)",37.87029257,127.7249929,033-263-5770,2025-02-10
김성중내과의원,의원,강원특별자치도 춘천시 퇴계로105번길 5 (퇴계동),37.87970091,127.7272179,033-261-1554,2025-02-10
김현민정형외과의원,의원,"강원특별자치도 춘천시 동면 춘천순환로 609, 1,2층",37.89317282,127.7556305,033-261-6217,2025-02-10
미사랑의원,의원,강원특별자치도 춘천시 퇴계농공로 22 (석사동),37.86426857,127.7205445,033-263-2638,2025-02-10
미앤아이 의원,의원,강원특별자치도 춘천시 후석로 18 (석사동),37.87622627,127.7353381,033-262-1991,2025-02-10
리온재활의학과의원,의원,강원특별자치도 춘천시 춘천로 188 (효자동),37.85121872,127.7441154,033-241-3322,2025-02-10
그랜드아름다운의원,의원,"강원특별자치도 춘천시 중앙로 68, 4층 (중앙로2가)",37.85504339,127.7503448,1899-5109,2025-02-10
전창호내과의원,의원,강원특별자치도 춘천시 중앙로 136 (소양로4가),37.87944496,127.7263087,033-254-9119,2025-02-10
예손정형외과의원,의원,강원특별자치도 춘천시 중앙로 97 (중앙로3가),37.86181443,127.7319812,033-252-4450,2025-02-10
아산마취통증의학과의원,의원,강원특별자치도 춘천시 중앙로 104 (낙원동),37.85135892,127.7437065,033-244-7585,2025-02-10
튼튼정형외과의원,의원,"강원특별자치도 춘천시 춘천로 68, 1, 2층 (효자동)",37.90134678,127.7284316,033-254-7300,2025-02-10
두리의원,의원,"강원특별자치도 춘천시 안마산로 199, 3층 302호 (퇴계동)",37.87613389,127.7201112,033-263-7582,2025-02-10
한마음연합의원,의원,"강원특별자치도 춘천시 보안길 65 (후평동, 503호,504호)",37.88021676,127.7503507,033-243-7550,2025-02-10
사랑샘안과의원,의원,강원특별자치도 춘천시 후석로 284-1 (후평동),37.87912496,127.7292619,033-241-6484,2025-02-10
선메디라인의원,의원,강원특별자치도 춘천시 지석로 75 (석사동),37.8824849,127.7478134,033-264-7585,2025-02-10
연세플러스비뇨기과의원,의원,강원특별자치도 춘천시 금강로 69 (조양동),37.88021676,127.7503507,033-243-6400,2025-02-10
예인미의원,의원,"강원특별자치도 춘천시 금강로 65, 4층 (조양동)",37.87956417,127.7290694,033-261-1175,2025-02-10
누누베베소아과의원,의원,강원특별자치도 춘천시 충열로 39 (우두동),37.85056058,127.7363543,033-254-2266,2025-02-10
변미숙산부인과의원,의원,"강원특별자치도 춘천시 경춘로 2362, 3층 (온의동)",37.87691784,127.7523737,033-256-5005,2025-02-10
춘천교도소부속의원,의원,강원특별자치도 춘천시 동내면 신촌양지길 5,37.87327862,127.7529267,033-262-1332,2025-02-10
다사랑의원,의원,강원특별자치도 춘천시 영서로 2779 (우두동),37.8994666,127.732723,033-244-8275,2025-02-10
이영순내과의원,의원,강원특별자치도 춘천시 퇴계농공로 22 (석사동),37.85506391,127.7265138,033-263-3007,2025-02-10
춘천순산부인과의원,의원,강원특별자치도 춘천시 중앙로 82-1 (중앙로2가),37.8785311,127.7251501,033-252-2345,2025-02-10
포인트피부과의원,의원,강원특별자치도 춘천시 금강로 69 (조양동),37.85680144,127.7415814,033-252-9700,2025-02-10
고석연가정의학과의원,의원,강원특별자치도 춘천시 후석로 244 (후평동),37.85675111,127.7402781,033-254-0121,2025-02-10
이룸의원,의원,"강원특별자치도 춘천시 안마산로 97, 4층 (퇴계동)",37.85706617,127.7393653,033-263-7218,2025-02-10
안정효내과의원,의원,"강원특별자치도 춘천시 퇴계로 188, 썬타워 3층 (석사동)",37.87727339,127.7233455,033-262-9889,2025-02-10
김도훈재활의학과의원,의원,강원특별자치도 춘천시 후석로 312 (후평동),37.87912496,127.7292619,033-253-6606,2025-02-10
하나내과의원,의원,강원특별자치도 춘천시 후석로 355 (후평동),37.85121872,127.7441154,033-248-7532,2025-02-10
서울삼성의원,의원,강원특별자치도 춘천시 남산면 한치로 98-1,37.87897114,127.75088,070-5220-2660,2025-02-10
신주호정형외과의원,의원,강원특별자치도 춘천시 퇴계로 207 (석사동),37.90115811,127.7284725,033-264-3344,2025-02-10
석사성심안과의원,의원,강원특별자치도 춘천시 퇴계농공로 22 (석사동),37.87828142,127.7248427,033-262-7566,2025-02-10
우성재활의학과의원,의원,강원특별자치도 춘천시 중앙로 86 (중앙로2가),37.8561319,127.7395491,033-257-5455,2025-02-10
우리소아과의원,의원,강원특별자치도 춘천시 영서로 2025 (석사동),37.87912496,127.7292619,033-263-9502,2025-02-10
윤화준소아청소년과의원,의원,강원특별자치도 춘천시 퇴계농공로 22 (석사동),37.87946696,127.7269177,033-262-8275,2025-02-10
김내과의원,의원,강원특별자치도 춘천시 영서로 2777 (우두동),37.85258264,127.7457623,033-252-7595,2025-02-10
웰비뇨기과의원,의원,강원특별자치도 춘천시 후석로 12 (석사동),37.85095435,127.7610632,033-261-9975,2025-02-10
송이비인후과의원,의원,강원특별자치도 춘천시 춘주로 143 (퇴계동),37.85900083,127.7244626,033-244-7550,2025-02-10
배재천신경과의원,의원,강원특별자치도 춘천시 후석로 22 (석사동),37.87727339,127.7233455,033-261-3710,2025-02-10
조세흠성형외과의원,의원,강원특별자치도 춘천시 시청길10번길 4-2 (조양동),37.85863443,127.7251728,033-242-2447,2025-02-10
중앙재활의학과의원,의원,강원특별자치도 춘천시 중앙로 63 (중앙로2가),37.85121872,127.7441154,033-254-7555,2025-02-10
효자한림의원,의원,강원특별자치도 춘천시 춘천로 181 (운교동),37.85489572,127.7269594,033-242-7581,2025-02-10
이정열내과의원,의원,"강원특별자치도 춘천시 춘주로 151, 2층 (퇴계동)",37.85135892,127.7437065,033-243-7659,2025-02-10
안정신건강의학과의원,의원,"강원특별자치도 춘천시 금강로 68-2 (조양동,대원빌딩 4층)",37.8686077,127.7180917,033-244-8333,2025-02-10
윤동석내과의원,의원,강원특별자치도 춘천시 칠전서길 38-14 (칠전동),37.87923375,127.7286483,033-263-7524,2025-02-10
권재활의학과의원,의원,강원특별자치도 춘천시 중앙로 104 (낙원동),37.85747124,127.7398523,033-244-3465,2025-02-10
원정형외과의원,의원,강원특별자치도 춘천시 지석로 75 (석사동),37.78976787,127.6467184,033-264-3500,2025-02-10
호산부인과의원,의원,강원특별자치도 춘천시 퇴계로 189 (석사동),37.85817857,127.7374532,033-264-1700,2025-02-10
성심안과의원,의원,강원특별자치도 춘천시 금강로 69 (조양동),37.88193429,127.7487388,033-256-7585,2025-02-10
참사랑내과의원,의원,강원특별자치도 춘천시 효자로 57 (효자동),37.84217876,127.7133909,033-242-7560,2025-02-10
사랑나무 소아청소년과의원,의원,"강원특별자치도 춘천시 방송길 84 (온의동,롯데마트3층)",37.85121872,127.7441154,033-252-8275,2025-02-10
아름다운산부인과의원,의원,"강원특별자치도 춘천시 터미널길 21, 1~4층 (온의동)",37.87009535,127.7567978,033-244-7800,2025-02-10
우리정형외과의원,의원,강원특별자치도 춘천시 후석로 348-1 (후평동),37.86907966,127.7146232,033-243-7588,2025-02-10
심소아청소년과의원,의원,"강원특별자치도 춘천시 동면 춘천순환로 609, 3층",37.87613389,127.7201112,033-264-0369,2025-02-10
파티마의원,의원,강원특별자치도 춘천시 후석로 16 (석사동),37.87622627,127.7353381,033-263-3055,2025-02-10
성심의원,의원,강원특별자치도 춘천시 퇴계로 166 (퇴계동),37.89317282,127.7556305,033-262-3114,2025-02-10
현대연합의원,의원,강원특별자치도 춘천시 중앙로 136 (소양로4가),37.88024504,127.7285257,033-243-7585,2025-02-10
누가이비인후과의원,의원,강원특별자치도 춘천시 퇴계농공로 10 (석사동),37.85236713,127.7440304,033--263-7544,2025-02-10
사랑마취통증의학과의원,의원,"강원특별자치도 춘천시 안마산로 99-1, 4층 (퇴계동)",37.88021676,127.7503507,033-242-7516,2025-02-10
우리가정의학과의원,의원,"강원특별자치도 춘천시 후석로186번길 10-1 (석사동, 유명빌딩 2층)",37.85645487,127.7398961,033-263-1717,2025-02-10
온세의원,의원,강원특별자치도 춘천시 스포츠타운길 533 (온의동),37.87673827,127.7343186,033-252-7660,2025-02-10
현대정형외과의원,의원,강원특별자치도 춘천시 후석로 10 (석사동),37.85360603,127.7375389,033-262-6300,2025-02-10
허남현내과의원,의원,"강원특별자치도 춘천시 지석로 11, 2층 (퇴계동)",37.87886636,127.7289032,033-263-5010,2025-02-10
김정배이비인후과의원,의원,강원특별자치도 춘천시 후석로 304 (후평동),37.86302472,127.7196787,033-255-7575,2025-02-10
민병철내과의원,의원,"강원특별자치도 춘천시 후석로 326, 403호 (후평동, 엠타워빌딩)",37.87838913,127.7513271,033-251-8242,2025-02-10
구철회내과의원,의원,강원특별자치도 춘천시 춘천로 188 (효자동),37.86914399,127.7299348,033-244-3500,2025-02-10
조도연정형외과의원,의원,"강원특별자치도 춘천시 경춘로 2348, 지하층,1층 (온의동)",37.8767342,127.7349004,033-252-2800,2025-02-10
하나의원,의원,"강원특별자치도 춘천시 후석로 355 (후평동, 지하1층, 2,3,4,6층)",37.88007882,127.7502032,033-248-7500,2025-02-10
석사성모의원,의원,"강원특별자치도 춘천시 우석로101번길 86, 205.206호 (석사동, 석사대우아파트상가)",37.8824849,127.7478134,033-263-4589,2025-02-10
이봉휘내과의원,의원,강원특별자치도 춘천시 금강로 72 (조양동),37.8643851,127.7191001,033-242-4020,2025-02-10
고려비뇨기과의원,의원,강원특별자치도 춘천시 보안길 65 (후평동),37.88098822,127.7461558,033-242-7580,2025-02-10
문유보이비인후과의원,의원,강원특별자치도 춘천시 후석로 12 (석사동),37.87644002,127.7527169,033-261-7580,2025-02-10
미래산부인과의원,의원,강원특별자치도 춘천시 중앙로 118 (소양로4가),37.87674746,127.7219994,033-241-7677,2025-02-10
서울의원,의원,"강원특별자치도 춘천시 김유정로 1852-35, 3층 (퇴계동)",37.85121852,127.7360335,033-263-7658,2025-02-10
참가정의원,의원,강원특별자치도 춘천시 금강로 73 (조양동),37.86830986,127.715874,033-244-7582,2025-02-10
동락가정의학과의원,의원,강원특별자치도 춘천시 춘천로 185 (운교동),37.87891224,127.7294366,033-244-9977,2025-02-10
임정근내과의원,의원,강원특별자치도 춘천시 후석로 278 (후평동),37.87406906,127.7342625,033-244-3900,2025-02-10
연세주피부과의원,의원,강원특별자치도 춘천시 방송길 98 (온의동),37.86792307,127.720173,033-243-1777,2025-02-10
연세강이비인후과의원,의원,강원특별자치도 춘천시 금강로 72 (조양동),37.86745046,127.7532998,033-243-0815,2025-02-10
연세조안과의원,의원,"강원특별자치도  금강로 72, 3,5층 (흥만빌딩)",37.85597936,127.7393662,033-243-0309,2025-02-10
사랑정신건강의학과의원,의원,강원특별자치도 춘천시 영서로 2341 (온의동),37.87903665,127.7263672,033-257-0088,2025-02-10
복십자의원,의원,"강원특별자치도 춘천시 방송길 98-1, 3층 (온의동)",37.87917932,127.7259503,033-257-2057,2025-02-10
신해철신경외과의원,의원,"강원특별자치도 춘천시 중앙로 72, 1층 (중앙로2가)",37.85729418,127.7239003,033-254-2664,2025-02-10
현대의원,의원,"강원특별자치도 춘천시 행촌로 14, 상가동 205호 (퇴계동, 현대2차아파트 )",37.87702338,127.7261064,033-242-2231,2025-02-10
강원특별자치도 부속의원,의원,강원특별자치도 춘천시 중앙로 1 (봉의동),37.87003572,127.7281369,033-249-2426,2025-02-10
한세의원,의원,강원특별자치도 춘천시 효자로 127 (효자동),37.88542456,127.7296391,033-254-4939,2025-02-10
김호준외과의원,의원,강원특별자치도 춘천시 약사고개길 15 (죽림동),37.88422286,127.7476157,033-251-0129,2025-02-10
최병기재활의학과의원,의원,강원특별자치도 춘천시 안마산로 36 (퇴계동),37.87886636,127.7289032,033-256-5559,2025-02-10
후평성심의원,의원,강원특별자치도 춘천시 춘천로296번길 3 (후평동),37.85789107,127.7205,033-256-3638,2025-02-10
미즈앤미의원,의원,강원특별자치도 춘천시 춘천로 207 (효자동),37.8561319,127.7395491,033-256-1888,2025-02-10
김인구정형외과의원,의원,강원특별자치도 춘천시 공지로 346 (효자동),37.88005822,127.7273548,033-255-8033,2025-02-10
한국건강관리협회건강증진의원,의원,"강원특별자치도 춘천시 남춘로 50, 한국건강관리협회 신청사 1-6층 (효자동)",37.87965306,127.7282669,033-260-0800,2025-02-10
영의원,의원,강원특별자치도 춘천시 중앙로 55 (중앙로2가),37.8795846,127.7264592,033-244-0774,2025-02-10
이승훈내과의원,의원,강원특별자치도 춘천시 중앙로 66 (중앙로2가),37.88008384,127.7276265,033-253-5118,2025-02-10
한피부과의원,의원,강원특별자치도 춘천시 후석로 304 (후평동),37.87838913,127.7513271,033-253-3457,2025-02-10
최훈정형외과의원,의원,강원특별자치도 춘천시 후석로 376 (후평동),37.87624391,127.7207088,033-252-8400,2025-02-10
춘천영상의학과의원,의원,강원특별자치도 춘천시 중앙로 130 (소양로4가),37.8820781,127.7486535,033-254-2731,2025-02-10
인구보건복지협회강원지회가족보건의원,의원,강원특별자치도 춘천시 김유정로 1846 (퇴계동),37.87887255,127.7291176,033-260-8900,2025-02-10
춘천채안과의원,의원,강원특별자치도 춘천시 중앙로 69-1 (중앙로2가),37.85153958,127.7345304,033-254-2684,2025-02-10
황효섭비뇨기과의원,의원,강원특별자치도 춘천시 중앙로 88 (중앙로2가),37.86777897,127.7204033,033-252-7050,2025-02-10
박이비인후과의원,의원,강원특별자치도 춘천시 금강로 62 (조양동),37.90669944,127.7287733,033-253-4503,2025-02-10
서울아이브치과의원,치과의원,강원특별자치도 춘천시 우두1길 101 (우두동),37.86439364,127.7206899,033-252-2080,2025-02-10
청춘플란트치과의원,치과의원,"강원특별자치도 춘천시 경춘로 2364, 강남병원 4층 (온의동)",37.8551064,127.7490251,033-910-0628,2025-02-10
여름치과의원,치과의원,"강원특별자치도 춘천시 사우로 38, 충목빌딩 3층 (사농동)",37.85489572,127.7269594,0507-1424-1575,2025-02-10
봄봄소아치과의원,치과의원,"강원특별자치도 춘천시 안마산로 99, 3층 302호 (퇴계동)",37.87757509,127.7520015,033-255-2275,2025-02-10
메디플란트치과의원,치과의원,"강원특별자치도 춘천시 후석로 352, 3층 302호 (후평동)",37.85649915,127.7293268,033-256-3636,2025-02-10
365시에스치과의원,치과의원,"강원특별자치도 춘천시 후석로 294, 4층 1,2호 (후평동)",37.87738656,127.736975,033-244-7528,2025-02-10
중앙치과의원,치과의원,"강원특별자치도 춘천시 중앙로 104, 5층 (낙원동)",37.89317282,127.7556305,033-255-2888,2025-02-10
연세하이브치과의원,치과의원,"강원특별자치도 춘천시 중앙로 55, 4,5층 (중앙로2가)",37.86753246,127.7208393,033-818-2875,2025-02-10
춘천어린이치과의원,치과의원,"강원특별자치도 춘천시 춘천로 34-1, 1,2층 (퇴계동)",37.86521146,127.7328564,033-256-2888,2025-02-10
시원치과의원,치과의원,"강원특별자치도 춘천시 안마산로 111, 3층 (퇴계동)",37.87727339,127.7233455,033-244-2080,2025-02-10
온유치과의원,치과의원,"강원특별자치도 춘천시 금강로 72, 6층 (조양동)",37.8760574,127.7198683,033-255-2875,2025-02-10
김경수치과의원,치과의원,"강원특별자치도 춘천시 충열로 1, 3층 (우두동)",37.855637,127.7286269,033-242-2879,2025-02-10
더봄치과의원,치과의원,"강원특별자치도 춘천시 방송길 104, 2,3층 (온의동)",37.90112293,127.7294686,033-254-2800,2025-02-10
한숲스마트치과의원,치과의원,"강원특별자치도 춘천시 안마산로 109, 3층 (퇴계동)",37.87816409,127.7247142,033-243-2275,2025-02-10
장학우리치과의원,치과의원,"강원특별자치도 춘천시 동면 춘천순환로 609, 2층",37.88008384,127.7276265,033-256-2879,2025-02-10
이롬치과의원,치과의원,"강원특별자치도 춘천시 지석로 85, 강남프라자 3층 303호 (석사동)",37.85114959,127.7448623,033-910-0033,2025-02-10
내이플란트치과의원,치과의원,"강원특별자치도 춘천시 후석로 18, 하나빌딩 3층 (석사동)",37.8770471,127.736055,033-264-7528,2025-02-10
탑치과의원,치과의원,"강원특별자치도 춘천시 춘천순환로 46, 2층 (석사동)",37.90892058,127.7335637,033-263-2275,2025-02-10
봄치과의원,치과의원,강원특별자치도 춘천시 후석로 314 (후평동),37.88008384,127.7276265,033-253-2877,2025-02-10
바른서울효치과교정과치과의원,치과의원,"강원특별자치도 춘천시 중앙로 55, 6층 (중앙로2가)",37.85660939,127.7400854,033-252-7528,2025-02-10
서울부부치과의원,치과의원,"강원특별자치도 춘천시 금강로 59, 4층 (조양동)",37.86759595,127.7230221,033-241-2275,2025-02-10
서울효치과의원,치과의원,"강원특별자치도 춘천시 중앙로 55, 7층 (중앙로2가)",37.86187646,127.7316644,033-254-7528,2025-02-10
NY드림치과의원,치과의원,"강원특별자치도 춘천시 지석로 80, 5층 (퇴계동)",37.87912496,127.7292619,033-269-7555,2025-02-10
바른이치과교정과치과의원,치과의원,"강원특별자치도 춘천시 영서로 2341, 5층 (온의동)",37.86521146,127.7328564,033-253-2875,2025-02-10
늘좋은치과의원,치과의원,"강원특별자치도 춘천시 춘천로 197-1, 4층 (효자동, 벨몽드건물)",37.87886636,127.7289032,033-256-7528,2025-02-10
원필준치과교정과치과의원,치과의원,"강원특별자치도 춘천시 금강로 69, 6층 (조양동)",37.8824849,127.7478134,033-252-2332,2025-02-10
본수치과의원,치과의원,"강원특별자치도 춘천시 후석로 328, 6층 (후평동)",37.88038355,127.7498741,033-252-7525,2025-02-10
화이트치과의원,치과의원,강원특별자치도 춘천시 중앙로 138 (소양로4가),37.85049261,127.7437519,033-255-2825,2025-02-10
연세하루치과의원,치과의원,"강원특별자치도 춘천시 경춘로 2348, 3층 (온의동)",37.87916276,127.7507662,033-256-1875,2025-02-10
메이시스치과의원,치과의원,"강원특별자치도 춘천시 퇴계로93번길 4-8, 2층 (퇴계동, 이삭빌딩)",37.8805122,127.7500982,033-255-2003,2025-02-10
서울미래치과의원,치과의원,"강원특별자치도 춘천시 후석로186번길 16, 2층 (석사동)",37.86730637,127.7537965,033-262-6369,2025-02-10
하나큐치과의원,치과의원,"강원특별자치도 춘천시 후석로 355, 2층 (후평동)",37.87997528,127.7285412,033-256-1928,2025-02-10
서울우리치과의원,치과의원,강원특별자치도 춘천시 퇴계농공로 20 (석사동),37.8686077,127.7180917,033-264-4875,2025-02-10
다나치과의원,치과의원,"강원특별자치도 춘천시 금강로 67-1, 2층 (조양동)",37.85402441,127.73612,033-254-9111,2025-02-10
한국건강관리협회 건강증진치과의원,치과의원,"강원특별자치도 춘천시 남춘로 50, 한국건강관리협회 신청사 3층 (효자동)",37.85162308,127.7443304,033-260-0800,2025-02-10
라임치과의원,치과의원,강원특별자치도 춘천시 후석로186번길 14 (석사동),37.86302472,127.7196787,033-264-4004,2025-02-10
하이치과의원,치과의원,"강원특별자치도 춘천시 김유정로 1875, B관 5층 (퇴계동)",37.86032141,127.7286133,033-264-2877,2025-02-10
구구플란트치과의원,치과의원,"강원특별자치도 춘천시 영서로 2777, 3층 (우두동)",37.90115811,127.7284725,033-244-9901,2025-02-10
연세새로이치과의원,치과의원,"강원특별자치도 춘천시 퇴계로105번길 5, 2층 (퇴계동)",37.85258264,127.7457623,033-264-2275,2025-02-10
백미치과의원,치과의원,강원특별자치도 춘천시 후석로326번길 5 (후평동),37.86732228,127.7540574,033-243-2752,2025-02-10
유디중앙로치과의원,치과의원,"강원특별자치도 춘천시 중앙로 59 (중앙로2가,KCC빌딩 5층 501)",37.85095435,127.7610632,033-252-6226,2025-02-10
스마일100 치과의원,치과의원,강원특별자치도 춘천시 방송길 84 (온의동),37.85210835,127.7444497,033-251-9922,2025-02-10
서울케이스웨스턴치과교정과치과의원,치과의원,"강원특별자치도 춘천시 퇴계농공로 12 (석사동, 로얄프라자 601호)",37.86181443,127.7319812,033-263-7585,2025-02-10
연세이튼치과의원,치과의원,강원특별자치도 춘천시 동내면 춘천순환로 58,37.86777897,127.7204033,033-243-0030,2025-02-10
에뉴치과의원,치과의원,강원특별자치도 춘천시 중앙로 62 (중앙로2가),37.84816165,127.7378551,033-254-3692,2025-02-10
참좋은치과의원,치과의원,강원특별자치도 춘천시 영서로 2195 (퇴계동),37.8719286,127.7532739,033-251-7528,2025-02-10
춘천클라인치과의원,치과의원,"강원특별자치도 춘천시 금강로 69, 5층 (조양동)",37.87970091,127.7272179,033-254-0002,2025-02-10
김미소치과의원,치과의원,강원특별자치도 춘천시 안마산로 224-1 (퇴계동),37.86830986,127.715874,033-264-2879,2025-02-10
우리부부치과의원,치과의원,"강원특별자치도 춘천시 춘천로 188, 4층 (효자동, 메가시티건물)",37.8798518,127.7267719,033-241-2900,2025-02-10
춘천교도소부속치과의원,치과의원,강원특별자치도 춘천시 동내면 신촌양지길 5,37.85597936,127.7393662,033-262-1332,2025-02-10
로덴치과의원,치과의원,강원특별자치도 춘천시 충열로 39 (우두동),37.87622627,127.7353381,033-241-2375,2025-02-10
춘천예치과의원,치과의원,"강원특별자치도 춘천시 영서로 2025, 3,4,5,6,7층 (석사동)",37.86773747,127.7163005,033-1544-2990,2025-02-10
e조은치과의원,치과의원,강원특별자치도 춘천시 영서로 2333 (온의동),37.84962725,127.7384208,033-242-2877,2025-02-10
서울수치과의원,치과의원,강원특별자치도 춘천시 동내면 공지로 76,37.8994666,127.732723,033-263-8863,2025-02-10
위드미치과의원,치과의원,강원특별자치도 춘천시 후석로 297 (후평동),37.87935126,127.7292395,033-242-2119,2025-02-10
이튼치과의원,치과의원,"강원특별자치도 춘천시 방송길 98, 4, 5층 (온의동)",37.87771656,127.7512592,033-251-0101,2025-02-10
메리트치과의원,치과의원,강원특별자치도 춘천시 지석로 29 (석사동),37.86426857,127.7205445,033-253-8275,2025-02-10
예당치과의원,치과의원,강원특별자치도 춘천시 후석로 22 (석사동),37.86830986,127.715874,033-262-1992,2025-02-10
강남S치과의원,치과의원,"강원특별자치도 춘천시 경춘로 2362, 4층 (온의동)",37.88119858,127.7266205,033-244-1640,2025-02-10
이하형치과의원,치과의원,강원특별자치도 춘천시 후석로 10 (석사동),37.88024504,127.7285257,033-264-2875,2025-02-10
유펜세란치과의원,치과의원,"강원특별자치도 춘천시 후석로 16, 3층 (석사동)",37.85645487,127.7398961,033-261-5081,2025-02-10
동아연세치과의원,치과의원,강원특별자치도 춘천시 후석로228번길 5 (후평동),37.8561319,127.7395491,033-244-2875,2025-02-10
심상현치과의원,치과의원,강원특별자치도 춘천시 시청길10번길 4-2 (조양동),37.87912496,127.7292619,033-244-2877,2025-02-10
연세바른치과의원,치과의원,"강원특별자치도 춘천시 퇴계농공로 22, 203-204호 (석사동)",37.87650268,127.7314695,033-263-2872,2025-02-10
연세아이나라치과의원,치과의원,"강원특별자치도 춘천시 금강로 69, 7층 (조양동)",37.87912496,127.7292619,033-244-8873,2025-02-10
사랑심는치과의원,치과의원,강원특별자치도 춘천시 후석로 12 (석사동),37.85504339,127.7503448,033-264-2804,2025-02-10
하나치과의원,치과의원,강원특별자치도 춘천시 후석로 326 (후평동),37.87903665,127.7263672,033-243-3993,2025-02-10
세정치과의원,치과의원,"강원특별자치도 춘천시 새롬공원길4번길 23, 201호 (석사동, 새순빌딩)",37.85025486,127.7488549,033-252-2875,2025-02-10
믿음치과의원,치과의원,강원특별자치도 춘천시 금강로 105 (운교동),37.87644002,127.7527169,033-244-0770,2025-02-10
미치과의원,치과의원,강원특별자치도 춘천시 영서로 2341 (온의동),37.8593963,127.7238988,033-252-2275,2025-02-10
한빛치과의원,치과의원,"강원특별자치도 춘천시 춘천로 316, 춘천더샵아파트 (후평동)",37.85675111,127.7402781,033-242-7528,2025-02-10
한솔치과의원,치과의원,강원특별자치도 춘천시 안마산로 219 (퇴계동),37.89851955,127.7317923,033-257-8275,2025-02-10
강수만치과의원,치과의원,강원특별자치도 춘천시 후석로 278 (후평동),37.85954687,127.7241003,033-254-2069,2025-02-10
한림치과의원,치과의원,강원특별자치도 춘천시 후석로 41 (석사동),37.85224065,127.7391414,033-261-2875,2025-02-10
동부연세치과의원,치과의원,강원특별자치도 춘천시 충열로 32 (우두동),37.85411236,127.7510429,033-255-5288,2025-02-10
윤석만치과의원,치과의원,강원특별자치도 춘천시 행촌로 27 (퇴계동),37.87902424,127.7288066,033-241-2876,2025-02-10
하얀나무치과의원,치과의원,"강원특별자치도 춘천시 중앙로67번길 18, 1동 3층 1301호 (죽림동, 브라운가)",37.88184493,127.7480337,033-264-0447,2025-02-10
연세이편한치과의원,치과의원,강원특별자치도 춘천시 춘주로 174 (퇴계동),37.87943326,127.7284479,033-241-2544,2025-02-10
올리브치과의원,치과의원,강원특별자치도 춘천시 행촌로 29 (퇴계동),37.85498705,127.728018,033-241-7528,2025-02-10
김성권치과의원,치과의원,강원특별자치도 춘천시 중앙로 69-1 (중앙로2가),37.85198964,127.7450998,033-251-7575,2025-02-10
이사랑치과의원,치과의원,강원특별자치도 춘천시 후석로 304 (후평동),37.85247311,127.7485025,033-256-7548,2025-02-10
연세치과의원,치과의원,강원특별자치도 춘천시 금강로 37 (소양로3가),37.87987556,127.7286585,033-241-2878,2025-02-10
허치과의원,치과의원,강원특별자치도 춘천시 금강로 64-1 (조양동),37.85360603,127.7375389,033-255-1029,2025-02-10
박대진치과의원,치과의원,"강원특별자치도 춘천시 후석로 120, 춘천 농협 유통센터 A동 3층 301호 (석사동)",37.86181443,127.7319812,033-256-2858,2025-02-10
에이플러스남강치과의원,치과의원,강원특별자치도 춘천시 지석로 11 (퇴계동),37.85121872,127.7441154,033-257-2875,2025-02-10
홍종대치과의원,치과의원,"강원특별자치도 춘천시 퇴계농공로 11, 3층 (석사동)",37.88007882,127.7502032,033-262-2875,2025-02-10
김영근치과의원,치과의원,강원특별자치도 춘천시 중앙로67번길 18 (죽림동),37.87838913,127.7513271,033-255-7528,2025-02-10
한베드로치과의원,치과의원,강원특별자치도 춘천시 춘주로 150 (퇴계동),37.86683342,127.7117387,033-252-6338,2025-02-10
전진학치과의원,치과의원,"강원특별자치도 춘천시 금강로 61, 2층 (조양동)",37.84923361,127.738398,033-253-4877,2025-02-10
김재원치과의원,치과의원,강원특별자치도 춘천시 금강로 70 (조양동),37.8784498,127.7250003,033-253-3979,2025-02-10
유영호치과의원,치과의원,강원특별자치도 춘천시 중앙로 76 (중앙로2가),37.85705566,127.7273689,033-252-3662,2025-02-10
경희마루한약국,한약국,"강원특별자치도 춘천시 안마산로 346, 1층 (석사동)",37.89778637,127.7637737,033-261-8882,2025-02-10
파크경희한의원,한의원,"강원특별자치도 춘천시 스포츠타운길 496, 온의수현빌딩 402호 (온의동)",37.86745046,127.7532998,033-244-7575,2025-02-10
강원한의원,한의원,"강원특별자치도 춘천시 남산면 강촌로 335, 1층",37.86317398,127.7389978,033-262-7589,2025-02-10
석사365한의원,한의원,"강원특별자치도 춘천시 후석로186번길 10-1, 3층 (석사동)",37.85844255,127.7414357,033-241-0365,2025-02-10
조은한의원,한의원,"강원특별자치도 춘천시 안마산로 222, 1층 (퇴계동)",37.87844856,127.7274612,033-261-1075,2025-02-10
황보한의원,한의원,"강원특별자치도 춘천시 춘천로185번길 12, 2층 (운교동)",37.86770715,127.7179677,033-255-7900,2025-02-10
부민한의원,한의원,"강원특별자치도 춘천시 퇴계농공로 22, 2층 205-B동호 (석사동)",37.8788441,127.7256,033-262-1900,2025-02-10
춘천한방한의원,한의원,강원특별자치도 춘천시 동면 춘천로 527-34,37.85317166,127.7112825,033-260-7000,2025-02-10
팔팔한의원,한의원,"강원특별자치도 춘천시 퇴계로105번길 5, 203호 (퇴계동)",37.85791199,127.7247271,033-264-1588,2025-02-10
이시형한의원,한의원,강원특별자치도 춘천시 마장길 71-8 (사농동),37.87755304,127.7245854,033-255-3386,2025-02-10
수한의원,한의원,"강원특별자치도 춘천시 안마산로 107-1, 3층 304호 (퇴계동)",37.85525528,127.7510211,033-242-2066,2025-02-10
옥산가한의원,한의원,"강원특별자치도 춘천시 춘천로17번길 37, 5층 (온의동)",37.86335196,127.7483454,033-256-3650,2025-02-10
보연당한의원,한의원,"강원특별자치도 춘천시 지석로 11, 1층 (퇴계동, 하나로마트(퇴계점))",37.88007882,127.7502032,033-262-1075,2025-02-10
강남세종한의원,한의원,"강원특별자치도 춘천시 동면 춘천로449번길 30-1, 4층",37.89493598,127.754073,033-244-1275,2025-02-10
오영기한의원,한의원,"강원특별자치도 춘천시 옛경춘로 616, 1,2층 (온의동)",37.87802642,127.7283944,033-252-6089,2025-02-10
중화당한의원,한의원,"강원특별자치도 춘천시 춘주로 89, 2층 (온의동)",37.8561319,127.7395491,033-251-8085,2025-02-10
다솜한의원,한의원,"강원특별자치도 춘천시 영서로 2341, 3층 (온의동)",37.90969864,127.7321738,033-256-6530,2025-02-10
중앙한의원,한의원,"강원특별자치도 춘천시 중앙로 91-1, 1층 (중앙로2가)",37.87850963,127.7344256,033-255-4210,2025-02-10
광동한의원,한의원,강원특별자치도 춘천시 공지로 224 (효자동),37.87923375,127.7286483,033-263-7553,2025-02-10
하늘체한의원,한의원,"강원특별자치도 춘천시 금강로 65, 3층 (조양동)",37.85121872,127.7441154,033-243-3233,2025-02-10
온누리한의원,한의원,강원특별자치도 춘천시 중앙로 84 (중앙로2가),37.8593963,127.7238988,033-253-7975,2025-02-10
경희진한의원,한의원,"강원특별자치도 춘천시 후석로 12, 3층 302호 (석사동)",37.88030227,127.7514329,033-256-7575,2025-02-10
소양한의원,한의원,"강원특별자치도 춘천시 영서로 2668-22, 1층 (소양로1가)",37.87625981,127.7546844,033-257-7080,2025-02-10
김형수한의원,한의원,"강원특별자치도 춘천시 후석로326번길 14, 3층 (후평동)",37.79128279,127.6452435,033-242-8825,2025-02-10
하늘봄한의원,한의원,강원특별자치도 춘천시 서부대성로 127 (운교동),37.87752998,127.7345582,033-242-1075,2025-02-10
발효명가 중화한의원,한의원,강원특별자치도 춘천시 후석로 11-8 (석사동),37.85108065,127.7452954,033-263-9889,2025-02-10
춘천한의원,한의원,"강원특별자치도 춘천시 퇴계농공로 20, 2층 203호 (석사동, 종로타워)",37.87956417,127.7290694,033-263-7975,2025-02-10
춘천후한의원,한의원,"강원특별자치도 춘천시 금강로 68-2, 5층 (조양동)",37.85706617,127.7393653,033-242-7510,2025-02-10
혜명한의원,한의원,"강원특별자치도 춘천시 후석로 326, 303호 (후평동)",37.87811066,127.7514668,033-241-3332,2025-02-10
춘천우리한의원,한의원,"강원특별자치도 춘천시 영서로 2779, 3층 (우두동)",37.8805122,127.7500982,033-255-6955,2025-02-10
거두리한의원,한의원,"강원특별자치도 춘천시 동내면 춘천순환로 64, 1,2층",37.86830986,127.715874,033-264-2625,2025-02-10
경희코스모스한의원,한의원,강원특별자치도 춘천시 지석로 89 (석사동),37.85569789,127.7455406,033-264-7510,2025-02-10
희한의원,한의원,강원특별자치도 춘천시 퇴계로 95 (퇴계동),37.85360603,127.7375389,033-261-2617,2025-02-10
정창우한의원,한의원,"강원특별자치도 춘천시 춘천로 197-1, 벨몽드마트 4층 (효자동)",37.8770471,127.736055,033-261-6211,2025-02-10
함소아한의원,한의원,"강원특별자치도 춘천시 퇴계로 188, 202,203호 (석사동)",37.8622364,127.719866,033-264-1065,2025-02-10
신맥한의원,한의원,강원특별자치도 춘천시 춘주로 203 (퇴계동),37.87712093,127.7516879,033-244-4859,2025-02-10
비담한의원,한의원,"강원특별자치도 춘천시 춘천로 316 (후평동, 포스코아파트상가 201호)",37.90134678,127.7284316,033-257-1243,2025-02-10
청담한의원,한의원,강원특별자치도 춘천시 후석로326번길 5 (후평동),37.87874529,127.7260324,033-256-1275,2025-02-10
으뜸한의원,한의원,강원특별자치도 춘천시 후만로 92 (후평동),37.85114959,127.7448623,033-243-7582,2025-02-10
유동한한의원,한의원,강원특별자치도 춘천시 퇴계농공로 12 (석사동),37.84937595,127.7389476,033-264-1005,2025-02-10
본한의원,한의원,강원특별자치도 춘천시 행촌로 27 (퇴계동),37.85162308,127.7443304,033-251-2728,2025-02-10
이종우한의원,한의원,"강원특별자치도 춘천시 후석로 289, 1층 (후평동)",37.89291906,127.7261923,033-253-1075,2025-02-10
희망동의보감한의원,한의원,"강원특별자치도 춘천시 후석로 22, 남부새마을금고석사지점 2층 (석사동)",37.90217001,127.7283851,033-263-1055,2025-02-10
삼화당한의원,한의원,강원특별자치도 춘천시 충열로 3 (우두동),37.90093459,127.7295464,033-244-4375,2025-02-10
미가람부부한의원,한의원,"강원특별자치도 춘천시 지석로 85, 202호 (석사동)",37.85700734,127.7389502,033-253-1079,2025-02-10
이광호한의원,한의원,강원특별자치도 춘천시 퇴계로 207 (석사동),37.85844255,127.7414357,033-262-7510,2025-02-10
대광당김영두한의원,한의원,"강원특별자치도 춘천시 춘천로 242, 1~2층 (효자동)",37.85210835,127.7444497,033-242-1700,2025-02-10
남궁현 한의원,한의원,강원특별자치도 춘천시 안마산로 225 (퇴계동),37.87673827,127.7343186,033-262-1080,2025-02-10
봄내한의원,한의원,강원특별자치도 춘천시 퇴계로 243 (석사동),37.87638491,127.7522669,033-261-1828,2025-02-10
동인당한의원,한의원,강원특별자치도 춘천시 후석로 16 (석사동),37.86222188,127.7310597,033-264-7575,2025-02-10
한중한의원,한의원,강원특별자치도 춘천시 후석로 300 (후평동),37.88184493,127.7480337,033-252-1075,2025-02-10
석사한섬한의원,한의원,강원특별자치도 춘천시 후석로 41 (석사동),37.86095812,127.7279592,033-262-1025,2025-02-10
소림한의원,한의원,"강원특별자치도 춘천시 삭주로 89-4, 현대상가 1층 101호 (후평동)",37.8785311,127.7251501,033-264-7533,2025-02-10
길한의원,한의원,강원특별자치도 춘천시 중앙로 82-1 (중앙로2가),37.86792307,127.720173,033-241-8330,2025-02-10
경희장수한의원,한의원,강원특별자치도 춘천시 춘천로 181 (운교동),37.85645487,127.7398961,033-241-0061,2025-02-10
태인한의원,한의원,강원특별자치도 춘천시 공지로 350 (효자동),37.8693785,127.7292277,033-256-8275,2025-02-10
육림한의원,한의원,강원특별자치도 춘천시 금강로 102 (운교동),37.85675111,127.7402781,033-254-2222,2025-02-10
대추나무한의원,한의원,강원특별자치도 춘천시 후석로 277 (후평동),37.85680144,127.7415814,033-255-1075,2025-02-10
벽촌한의원,한의원,강원특별자치도 춘천시 영서로 2788 (우두동),37.87858189,127.740675,033-242-6955,2025-02-10
동일한의원,한의원,강원특별자치도 춘천시 소양로 166 (소양로2가),37.87354456,127.7220501,033-254-3383,2025-02-10
성진한의원,한의원,강원특별자치도 춘천시 중앙로 75 (중앙로2가),37.88787572,127.7249553,033-256-9977,2025-02-10
방희균한의원,한의원,강원특별자치도 춘천시 방송길 98 (온의동),37.88385781,127.7411185,033-241-6144,2025-02-10
영광한의원,한의원,강원특별자치도 춘천시 남춘로 31 (퇴계동),37.87016814,127.727722,033-251-2004,2025-02-10
성신한의원,한의원,강원특별자치도 춘천시 춘천로81번길 42 (약사동),37.87660869,127.7308479,033-253-7999,2025-02-10
동제한의원,한의원,강원특별자치도 춘천시 공지로 334 (효자동),37.86412845,127.7310299,033-253-4577,2025-02-10
경희한의원,한의원,강원특별자치도 춘천시 동내면 춘천순환로 58,37.85504339,127.7503448,033-253-0392,2025-02-10
365열린약국,약국,강원특별자치도 춘천시 중앙로 55 (중앙로2가),37.87627006,127.7340874,033-255-9997,2025-02-10
별빛약국,약국,"강원특별자치도 춘천시 영서로 2195, 1층 (퇴계동)",37.86670605,127.7113256,070-7176-1633,2025-02-10
호랑이약국,약국,"강원특별자치도 춘천시 스포츠타운길 494, 1층 101호 (온의동)",37.86032141,127.7286133,033-910-8860,2025-02-10
365대형약국,약국,"강원특별자치도 춘천시 동내면 영서로 1794, 1층",37.77147159,127.7667276,,2025-02-10
사랑온약국,약국,"강원특별자치도 춘천시 방송길 98-1, 2층 (온의동)",37.87396668,127.7674174,033-910-9771,2025-02-10
맘편한약국,약국,"강원특별자치도 춘천시 스포츠타운길 496, B103호 (온의동)",37.86683342,127.7117387,033-251-7373,2025-02-10
춘천태평양대형약국,약국,강원특별자치도 춘천시 동면 서부대성로 464,37.86777897,127.7204033,033-818-1112,2025-02-10
다나약국,약국,"강원특별자치도 춘천시 후석로 6, 1층 (석사동)",37.90754171,127.7340783,033-244-2228,2025-02-10
참약사 더원약국,약국,"강원특별자치도 춘천시 우두1길 87, 1층 103호 (우두동)",37.90892058,127.7335637,033-241-2223,2025-02-10
나무약국,약국,"강원특별자치도 춘천시 후석로 294, 1층 1호 (후평동)",37.85555459,127.739172,033-251-5119,2025-02-10
우리두리온누리약국,약국,"강원특별자치도 춘천시 우두1길 17, 우리  프라자 1층 101,102호 (우두동)",37.91136387,127.7385575,033-252-5222,2025-02-10
큰나무대형약국,약국,강원특별자치도 춘천시 동면 춘천순환로 763,37.8689454,127.7214613,033-251-8119,2025-02-10
타워온누리약국,약국,"강원특별자치도 춘천시 방송길 77, 상가동 2층 2228~2229호 (온의동, 춘천 센트럴타워 푸르지오)",37.87757509,127.7520015,033-255-3300,2025-02-10
바른약국,약국,"강원특별자치도 춘천시 우두1길 101, 112호 (우두동)",37.85121852,127.7360335,033-253-0188,2025-02-10
매일여는온누리약국,약국,"강원특별자치도 춘천시 안마산로 97, 101호 (퇴계동)",37.86483892,127.7328146,033-244-1005,2025-02-10
신우약국,약국,"강원특별자치도 춘천시 김유정로 1852-35, 1층 101호 (퇴계동)",37.90668729,127.7521338,033-261-6400,2025-02-10
웰약국,약국,"강원특별자치도 춘천시 효석로 5, 1층 (효자동)",37.85506391,127.7265138,033-261-1172,2025-02-10
남춘천대형약국,약국,강원특별자치도 춘천시 신동면 김유정로 1634,37.87935126,127.7292395,033-262-9328,2025-02-10
메리트약국,약국,"강원특별자치도 춘천시 안마산로 111, 1층 (퇴계동)",37.85649915,127.7293268,033-242-3773,2025-02-10
대형춘천백화점약국,약국,"강원특별자치도 춘천시 신동면 김유정로 1668, H동 1층",37.85706617,127.7393653,033-261-8878,2025-02-10
진약국,약국,"강원특별자치도 춘천시 춘천로17번길 31, 더스위트캐슬 1층 126호 (온의동)",37.86718345,127.7186257,033-255-8276,2025-02-10
참약국,약국,"강원특별자치도 춘천시 안마산로 107, 1층 (퇴계동)",37.83328383,127.7290643,033-241-8789,2025-02-10
믿음약국,약국,"강원특별자치도 춘천시 퇴계로 188, 1층 105호 (석사동)",37.855637,127.7286269,033-263-5653,2025-02-10
청솔약국,약국,"강원특별자치도 춘천시 금강로 67-1, 1층 (조양동)",37.83583399,127.7315354,033-251-3981,2025-02-10
우두온누리약국,약국,"강원특별자치도 춘천시 사우로 38, 1층 102호 (사농동)",37.87029257,127.7249929,033-255-8275,2025-02-10
사랑약국,약국,"강원특별자치도 춘천시 안마산로 109, 1층 (퇴계동)",37.90669944,127.7287733,033-251-5559,2025-02-10
우리약국,약국,강원특별자치도 춘천시 춘천로 68 (효자동),37.8544978,127.72755,033-244-4765,2025-02-10
강남푸른약국,약국,"강원특별자치도 춘천시 경춘로 2362, 101호 (온의동)",37.87912496,127.7292619,033-912-6111,2025-02-10
포스코약국,약국,"강원특별자치도 춘천시 보안길 65, 엠타워 1층 101호 (후평동)",37.85632396,127.7389642,033-243-7117,2025-02-10
맑은온누리약국,약국,강원특별자치도 춘천시 중앙로 116 (소양로4가),37.88021676,127.7503507,033-252-2070,2025-02-10
건강 약국,약국,강원특별자치도 춘천시 서부대성로227번길 15-18 (효자동),37.87408374,127.7447896,033-253-5777,2025-02-10
하나약국,약국,"강원특별자치도 춘천시 남춘천새길 42, 상가동 101호 (석사동, 세경5차아파트)",37.86753246,127.7208393,033-264-0019,2025-02-10
윤슬약국,약국,"강원특별자치도 춘천시 후석로 7, 1층 (석사동)",37.86602661,127.7209037,033-262-6207,2025-02-10
강원온누리약국,약국,강원특별자치도 춘천시 금강로 69 (조양동),37.87675093,127.7222567,033-252-4249,2025-02-10
춘천대형약국,약국,강원특별자치도 춘천시 동면 한솔만천로 18,37.86426857,127.7205445,033-252-7585,2025-02-10
손약국,약국,강원특별자치도 춘천시 춘천로 7 (온의동),37.87585435,127.7739026,033-257-0999,2025-02-10
드림약국,약국,"강원특별자치도 춘천시 방송길 104, 5층 (온의동)",37.86350653,127.7372487,033-253-7588,2025-02-10
정문약국,약국,"강원특별자치도 춘천시 백령로 152, 1층 (효자동)",37.8824849,127.7478134,033-252-1414,2025-02-10
가나약국,약국,강원특별자치도 춘천시 후석로 355 (후평동),37.86830986,127.715874,033-255-3336,2025-02-10
행복한약국,약국,"강원특별자치도 춘천시 동내면 춘천순환로 64, 102호",37.87970091,127.7272179,033-253-6410,2025-02-10
우리온누리약국,약국,"강원특별자치도 춘천시 퇴계로 243, 1층 (석사동)",37.85569789,127.7455406,070-7553-0412,2025-02-10
은행약국,약국,"강원특별자치도 춘천시 동면 춘천로 457, 1층",37.90115811,127.7284725,033-241-7606,2025-02-10
명인약국,약국,강원특별자치도 춘천시 영서로 2777 (우두동),37.87414364,127.7445776,033-243-8279,2025-02-10
수온누리약국,약국,강원특별자치도 춘천시 영서로 2341 (온의동),37.87515086,127.7436189,033-244-1103,2025-02-10
튼튼약국,약국,강원특별자치도 춘천시 후석로 352 (후평동),37.8820781,127.7486535,033-256-9631,2025-02-10
가까운약국,약국,강원특별자치도 춘천시 서부대성로227번길 15-7 (효자동),37.85525528,127.7510211,033-244-9407,2025-02-10
새희망약국,약국,"강원특별자치도 춘천시 중앙로 59, 1층 (중앙로2가)",37.85114959,127.7448623,033-254-2552,2025-02-10
천사약국,약국,강원특별자치도 춘천시 백령로 157 (효자동),37.89292089,127.7555463,033-255-8875,2025-02-10
사랑이 가득한 약국,약국,"강원특별자치도 춘천시 지석로 85 (석사동, 강남플라자B/D 108호)",37.85645487,127.7398961,033-264-9656,2025-02-10
해솔약국,약국,강원특별자치도 춘천시 안마산로 199 (퇴계동),37.8643851,127.7191001,033-263-9631,2025-02-10
바다약국,약국,강원특별자치도 춘천시 영서로 2025 (석사동),37.85258264,127.7457623,033-262-9716,2025-02-10
안마산 온누리약국,약국,강원특별자치도 춘천시 안마산로 223-1 (퇴계동),37.87397157,127.7447174,033-261-1012,2025-02-10
소화온누리약국,약국,강원특별자치도 춘천시 터미널길 21 (온의동),37.88388574,127.7389852,033-255-7997,2025-02-10
가까운대학약국,약국,강원특별자치도 춘천시 삭주로 75-5 (교동),37.87567232,127.7437094,033-257-2571,2025-02-10
봄내약국,약국,강원특별자치도 춘천시 서부대성로227번길 15-6 (효자동),37.85056058,127.7363543,033-254-2794,2025-02-10
종로약국,약국,강원특별자치도 춘천시 후석로 16 (석사동),37.86318291,127.7357575,033-264-1100,2025-02-10
보배약국,약국,"강원특별자치도 춘천시 지석로 11 (퇴계동, 춘천축산농협하나로마트 퇴계점)",37.88056958,127.7504162,033-264-1104,2025-02-10
삼성온누리약국,약국,"강원특별자치도 춘천시 효석로 37 (효자동, 엘로이빌딩 1층)",37.88339659,127.7402653,033-264-0003,2025-02-10
파랑새 약국,약국,강원특별자치도 춘천시 퇴계로93번길 4-8 (퇴계동),37.85258264,127.7457623,033-264-2332,2025-02-10
임약국,약국,강원특별자치도 춘천시 후석로 278 (후평동),37.87644002,127.7527169,033-257-8418,2025-02-10
성은약국,약국,강원특별자치도 춘천시 방송길 98 (온의동),37.87912445,127.7285192,033-252-4459,2025-02-10
춘천성심약국,약국,강원특별자치도 춘천시 삭주로 84 (교동),37.88179772,127.7488155,033-241-8011,2025-02-10
유한약국,약국,강원특별자치도 춘천시 금강로 68-4 (조양동),37.85108065,127.7452954,033-256-7894,2025-02-10
세계로약국,약국,강원특별자치도 춘천시 후석로 348 (후평동),37.86187646,127.7316644,033-255-5395,2025-02-10
홍 온누리약국,약국,강원특별자치도 춘천시 지석로 89 (석사동),37.85360603,127.7375389,033-261-0855,2025-02-10
나누리약국,약국,"강원특별자치도 춘천시 보안길 70-2 (후평동,1-2호)",37.85729418,127.7239003,033-243-6633,2025-02-10
샘밭약국,약국,강원특별자치도 춘천시 신북읍 신샘밭로 431,37.87600396,127.7462244,033-243-4019,2025-02-10
효온누리약국,약국,강원특별자치도 춘천시 서부대성로239번길 47-26 (후평동),37.86792307,127.720173,033-255-2738,2025-02-10
샘밭소양댐약국,약국,강원특별자치도 춘천시 신북읍 신샘밭로 695,37.8767342,127.7349004,033-242-1717,2025-02-10
조은약국,약국,"강원특별자치도 춘천시 김유정로 1874, 1층 103,104호 (퇴계동)",37.87891224,127.7294366,070-4412-3054,2025-02-10
새봄약국,약국,강원특별자치도 춘천시 퇴계로105번길 5 (퇴계동),37.85358881,127.7362814,033-264-5482,2025-02-10
미소약국,약국,강원특별자치도 춘천시 춘천로 185 (운교동),37.8686077,127.7180917,033-244-6622,2025-02-10
대웅약국,약국,강원특별자치도 춘천시 금강로 73 (조양동),37.85236713,127.7440304,033-242-3143,2025-02-10
365약국,약국,강원특별자치도 춘천시 방송길 84 (온의동),37.85760304,127.7395606,033-251-7371,2025-02-10
세운약국,약국,강원특별자치도 춘천시 퇴계농공로 10 (석사동),37.85675111,127.7402781,033-264-7880,2025-02-10
민들레온누리약국,약국,강원특별자치도 춘천시 행촌로 14 (퇴계동),37.93029185,127.7871314,033-255-5376,2025-02-10
춘천하나약국,약국,"강원특별자치도 춘천시 중앙로 68, 1층 (중앙로2가)",37.92798155,127.7577642,033-251-3450,2025-02-10
춘약국,약국,강원특별자치도 춘천시 퇴계로 187 (석사동),37.86181443,127.7319812,033-263-3578,2025-02-10
새천년약국,약국,"강원특별자치도 춘천시 후석로 12, 1층 1호 (석사동)",37.84217876,127.7133909,033-263-8375,2025-02-10
미도약국,약국,강원특별자치도 춘천시 금강로 72 (조양동),37.87886636,127.7289032,033-243-6566,2025-02-10
프라자약국,약국,강원특별자치도 춘천시 중앙로 136 (소양로4가),37.88363327,127.7390161,033-241-5255,2025-02-10
정다운약국,약국,강원특별자치도 춘천시 칠전서길 38-14 (칠전동),37.86730637,127.7537965,033-263-6788,2025-02-10
하늘天온누리약국,약국,강원특별자치도 춘천시 삭주로 75 (교동),37.85504339,127.7503448,033-242-8000,2025-02-10
대룡산약국,약국,강원특별자치도 춘천시 동내면 춘천순환로 58,37.86373486,127.7186329,033-261-9639,2025-02-10
새소망약국,약국,강원특별자치도 춘천시 후석로186번길 14 (석사동),37.88022791,127.7506355,033-263-0620,2025-02-10
은약국,약국,강원특별자치도 춘천시 후석로 22 (석사동),37.87944496,127.7263087,033-262-8235,2025-02-10
늘푸른약국,약국,강원특별자치도 춘천시 춘천로 315 (후평동),37.87613389,127.7201112,033-252-2581,2025-02-10
열린약국,약국,"강원특별자치도 춘천시 경춘로 2353, 이마트 1층 (온의동)",37.8561319,127.7395491,033-255-2365,2025-02-10
무지개약국,약국,강원특별자치도 춘천시 중앙로 88 (중앙로2가),37.85680144,127.7415814,070-8888-2307,2025-02-10
춘천보룡약국,약국,강원특별자치도 춘천시 후석로 284-1 (후평동),37.87691784,127.7523737,033-251-8700,2025-02-10
하나로약국,약국,강원특별자치도 춘천시 동내면 공지로 76,37.87357099,127.7523549,033-264-5959,2025-02-10
코끼리약국,약국,강원특별자치도 춘천시 퇴계로 207 (석사동),37.88346146,127.7397157,033-264-9800,2025-02-10
낙원약국,약국,강원특별자치도 춘천시 영서로 2779 (우두동),37.90134678,127.7284316,033-253-3051,2025-02-10
한우리약국,약국,강원특별자치도 춘천시 후석로 247 (후평동),37.81033692,127.6361529,033-252-8270,2025-02-10
강촌동아약국,약국,강원특별자치도 춘천시 남산면 강촌로 104,37.88098801,127.7458605,033-261-1385,2025-02-10
21세기약국,약국,강원특별자치도 춘천시 보안길 64-1 (후평동),37.88230221,127.7476614,033-255-0990,2025-02-10
프라임약국,약국,강원특별자치도 춘천시 퇴계농공로 22 (석사동),37.87816409,127.7247142,033-262-6233,2025-02-10
우리종합약국,약국,강원특별자치도 춘천시 삭주로 80 (교동),37.8788441,127.7256,033-255-8868,2025-02-10
춘천종합약국,약국,강원특별자치도 춘천시 삭주로 78-1 (교동),37.87838913,127.7513271,033-251-7005,2025-02-10
은혜약국,약국,"강원특별자치도 춘천시 중앙로 76, 1층 (중앙로2가)",37.85411236,127.7510429,033-257-4236,2025-02-10
춘천온누리약국,약국,강원특별자치도 춘천시 충열로 39 (우두동),37.88943692,127.7253079,033-242-8015,2025-02-10
제일온누리약국,약국,강원특별자치도 춘천시 후석로 304 (후평동),37.85817857,127.7374532,033-256-0100,2025-02-10
햇빛약국,약국,강원특별자치도 춘천시 후석로250번길 1 (후평동),37.87386106,127.7528175,033-251-9097,2025-02-10
소양약국,약국,강원특별자치도 춘천시 소양로 182 (소양로1가),37.88342126,127.739584,033-242-1472,2025-02-10
덕수약국,약국,강원특별자치도 춘천시 약사고개길 15 (죽림동),37.87727339,127.7233455,033-244-4060,2025-02-10
지성약국,약국,강원특별자치도 춘천시 춘천로296번길 4 (후평동),37.85121872,127.7441154,033-253-6854,2025-02-10
강남십자약국,약국,"강원특별자치도 춘천시 경춘로 2364, 1층 (온의동)",37.87702338,127.7261064,033-254-4985,2025-02-10
퇴계종합약국,약국,강원특별자치도 춘천시 퇴계로 166 (퇴계동),37.8994666,127.732723,033-262-9754,2025-02-10
진주약국,약국,강원특별자치도 춘천시 춘천로 188 (효자동),37.86029935,127.7435807,033-242-2092,2025-02-10
십자약국,약국,강원특별자치도 춘천시 경춘로 2348 (온의동),37.86302472,127.7196787,033-251-7862,2025-02-10
한사랑약국,약국,강원특별자치도 춘천시 금강로 35 (소양로3가),37.85900083,127.7244626,033-257-4334,2025-02-10
천지인약국,약국,강원특별자치도 춘천시 후석로 69 (석사동),37.86907966,127.7146232,033-252-1221,2025-02-10
백세약국,약국,강원특별자치도 춘천시 스포츠타운길 533 (온의동),37.87540993,127.7433481,033-255-8852,2025-02-10
굿모닝약국,약국,강원특별자치도 춘천시 백령로 153 (효자동),37.88124492,127.7272113,033-257-1279,2025-02-10
백두산약국,약국,강원특별자치도 춘천시 중앙로 70 (중앙로2가),37.86439364,127.7206899,033-255-8692,2025-02-10
시장약국,약국,강원특별자치도 춘천시 중앙로 104 (낙원동),37.88130489,127.726359,033-241-4460,2025-02-10
용한약국,약국,강원특별자치도 춘천시 우석로101번길 86 (석사동),37.87931956,127.7261316,033-261-5100,2025-02-10
별동별약국,약국,강원특별자치도 춘천시 춘주로 143 (퇴계동),37.86730998,127.7526587,033-244-5482,2025-02-10
세종약국,약국,강원특별자치도 춘천시 삭주로 62 (교동),37.85863443,127.7251728,033-254-9300,2025-02-10
새날약국,약국,강원특별자치도 춘천시 춘주로 151 (퇴계동),37.87622627,127.7353381,033-241-3639,2025-02-10
한결약국,약국,강원특별자치도 춘천시 효자로 57 (효자동),37.85954687,127.7241003,033-243-8276,2025-02-10
옵티마샘물약국,약국,강원특별자치도 춘천시 애막골길3번길 36 (석사동),37.87395277,127.7422593,033-242-5272,2025-02-10
강남약국,약국,강원특별자치도 춘천시 행촌로 29 (퇴계동),37.8795846,127.7264592,033-252-1149,2025-02-10
이화약국,약국,강원특별자치도 춘천시 중앙로 66 (중앙로2가),37.87946696,127.7269177,033-255-2097,2025-02-10
하늘약국,약국,강원특별자치도 춘천시 금강로 65 (조양동),37.87009535,127.7567978,033-261-3067,2025-02-10
요선약국,약국,강원특별자치도 춘천시 서부대성로48번길 22-2 (요선동),37.87956417,127.7290694,033-254-8198,2025-02-10
365 아이맘약국,약국,강원특별자치도 춘천시 동면 춘천순환로 609,37.86914399,127.7299348,033-264-6577,2025-02-10
정약국,약국,강원특별자치도 춘천시 서부대성로 215 (효자동),37.87418948,127.7343735,033-251-0359,2025-02-10
한일 온누리약국,약국,강원특별자치도 춘천시 후석로 376 (후평동),37.83576645,127.7597906,033-254-3288,2025-02-10
성심약국,약국,강원특별자치도 춘천시 효자로 127-1 (효자동),37.87116013,127.7321389,033-255-4276,2025-02-10
메디칼약국,약국,강원특별자치도 춘천시 금강로 41 (낙원동),37.88317431,127.7376289,033-255-2735,2025-02-10
명보약국,약국,강원특별자치도 춘천시 동내면 영서로 1781,37.86670605,127.7113256,033-262-5589,2025-02-10
가람약국,약국,강원특별자치도 춘천시 효자문길 1 (효자동),37.8689454,127.7214613,033-254-0029,2025-02-10
서울약국,약국,강원특별자치도 춘천시 약사고개길 3 (중앙로2가),37.87784972,127.7251241,033-254-2812,2025-02-10
유명한약국,약국,강원특별자치도 춘천시 후석로186번길 10-1 (석사동),37.87029257,127.7249929,033-261-0123,2025-02-10
세화약국,약국,강원특별자치도 춘천시 중앙로 63 (중앙로2가),37.86745046,127.7532998,033-254-7619,2025-02-10
